CLAVE_ENTIDAD,ENTIDAD_FEDERATIVA,ABREVIATURA
01,AGUASCALIENTES,AS
02,BAJA CALIFORNIA,BC
03,BAJA CALIFORNIA SUR,BS
04,CAMPECHE,CC
05,COAHUILA DE ZARAGOZA,CL
06,COLIMA,CM
07,CHIAPAS,CS
08,CHIHUAHUA,CH
09,CIUDAD DE MÉXICO,DF
10,DURANGO,DG
11,GUANAJUATO,GT
12,GUERRERO,GR
13,HIDALGO,HG
14,JALISCO,JC
15,MÉXICO,MC
16,MICHOACÁN DE OCAMPO,MN
17,MORELOS,MS
18,NAYARIT,NT
19,NUEVO LEÓN,NL
20,OAXACA,OC
21,PUEBLA,PL
22,QUERÉTARO,QT
23,QUINTANA ROO,QR
24,SAN LUIS POTOSÍ,SP
25,SINALOA,SL
26,SONORA,SR
27,TABASCO,TC
28,TAMAULIPAS,TS
29,TLAXCALA,TL
30,VERACRUZ DE IGNACIO DE LA LLAVE,VZ
31,YUCATÁN,YN
32,ZACATECAS,ZS
36,ESTADOS UNIDOS MEXICANOS,EUM
97,NO APLICA,NA
98,SE IGNORA,SI
99,NO ESPECIFICADO,NE